{"loss": 0.2802314758300781, "_timestamp": 1721580677.9322379, "_runtime": 7093.144679784775, "_step": 299, "epoch": 100, "test_f1": 0.7621100164203612, "test_auroc": 0.837361609231249, "test_auprc": 0.9277575094557624, "_wandb": {"runtime": 7093}}