,time_elapsed,epoch,fold,f1_train,auroc_train,auprc_train,f1_test,auroc_test,auprc_test
0,52970.68132567406,67,1,0.6804856879786322,0.7344431309231809,0.5633316861454325,0.6296777490075519,0.6591039564876353,0.4682092802524283
