,time_elapsed,epoch,fold,f1_train,auroc_train,auprc_train,f1_test,auroc_test,auprc_test
0,188489.15645575523,58,0,0.7064411572270459,0.7768040938760977,0.6246399932164131,0.6201553287744064,0.6477609547223672,0.45834756547973377
