,time_elapsed,epoch,fold,f1_train,auroc_train,auprc_train,f1_test,auroc_test,auprc_test
0,44935.9834651947,66,4,0.6669062485098877,0.7292934346719403,0.5599950028829989,0.6258712697562444,0.6657941686261033,0.47844379532131975
