,time_elapsed,epoch,fold,f1_train,auroc_train,auprc_train,f1_test,auroc_test,auprc_test
0,46357.267785549164,64,0,0.6615222995538798,0.7553711632075687,0.5926640793235387,0.5939964037260704,0.6500155679195931,0.46118859351693164
