,time_elapsed,epoch,fold,f1_train,auroc_train,auprc_train,f1_test,auroc_test,auprc_test
0,41039.96817779541,54,4,0.6776639199561321,0.7535335474020795,0.5893442067234471,0.6152528549365878,0.6603674057218578,0.4713743418672459
