,time_elapsed,epoch,fold,f1_train,auroc_train,auprc_train,f1_test,auroc_test,auprc_test
0,144994.19403600693,56,0,0.7508617485971,0.8391138937097358,0.7148442092758855,0.6132259230192812,0.6458925793899057,0.458977100380877
