,time_elapsed,epoch,fold,f1_train,auroc_train,auprc_train,f1_test,auroc_test,auprc_test
0,215768.58239102364,73,4,0.7405652959610327,0.8325880019555008,0.7064201382909266,0.6099864365595289,0.6454020753234168,0.45941282145645057
