,time_elapsed,epoch,fold,f1_train,auroc_train,auprc_train,f1_test,auroc_test,auprc_test
0,55767.680745363235,75,3,0.667656090656999,0.738500548608973,0.5700310663090323,0.6189197329515947,0.6637619910638598,0.4753357285898727
