,time_elapsed,epoch,fold,f1_train,auroc_train,auprc_train,f1_test,auroc_test,auprc_test
0,54260.66460561752,70,1,0.6658164930944597,0.7295756522837764,0.5575828593054536,0.6221357702741598,0.6637828767424752,0.4728885737810743
