,time_elapsed,epoch,fold,f1_train,auroc_train,auprc_train,f1_test,auroc_test,auprc_test
0,80844.35823774338,61,4,0.6505862864196967,0.7363563103977249,0.568718362492634,0.6027401304649661,0.6611739313822376,0.4734545919468159
