,time_elapsed,epoch,fold,f1_train,auroc_train,auprc_train,f1_test,auroc_test,auprc_test
0,104310.37489128113,66,1,0.6689303738111833,0.7390719225905793,0.5690954199565021,0.6158550231893933,0.6620300582868569,0.4719142454277004
