,time_elapsed,epoch,fold,f1_train,auroc_train,auprc_train,f1_test,auroc_test,auprc_test
0,50314.205622434616,58,2,0.6676435566433465,0.7460155850871744,0.5788582339071145,0.606885301768012,0.6496258649499185,0.4599430413300786
