,time_elapsed,epoch,fold,f1_train,auroc_train,auprc_train,f1_test,auroc_test,auprc_test
0,105157.01181674004,65,2,0.7094987993432127,0.7861554270331783,0.6377645149365544,0.6207466103976053,0.6570352947510391,0.46911118788202244
