,time_elapsed,epoch,fold,f1_train,auroc_train,auprc_train,f1_test,auroc_test,auprc_test
0,187226.5706398487,58,0,0.7086644977761964,0.7774777559406042,0.6258397589284435,0.6194369029951236,0.6459310335070831,0.45819118615696197
