,time_elapsed,epoch,fold,f1_train,auroc_train,auprc_train,f1_test,auroc_test,auprc_test
0,86464.00732469559,61,1,0.6511435465197294,0.7274607224749683,0.5559010735919435,0.60559463275818,0.6604909956394892,0.46973799040312947
