,time_elapsed,epoch,fold,f1_train,auroc_train,auprc_train,f1_test,auroc_test,auprc_test
0,118412.03192162514,50,2,0.7304511786842416,0.830520861896246,0.7052402567655803,0.6041316621436227,0.6436550077888721,0.4579734151772274
