,time_elapsed,epoch,fold,f1_train,auroc_train,auprc_train,f1_test,auroc_test,auprc_test
0,48490.888850688934,69,1,0.6596210279431522,0.7404496693353371,0.5706216752615051,0.6061555897562604,0.6614540727705435,0.47027185906673125
