,time_elapsed,epoch,fold,f1_train,auroc_train,auprc_train,f1_test,auroc_test,auprc_test
0,41908.15720772743,65,3,0.6478384224774104,0.7219344584241947,0.5485927883166125,0.610858993150237,0.6665236250829731,0.48055730036414934
