,time_elapsed,epoch,fold,f1_train,auroc_train,auprc_train,f1_test,auroc_test,auprc_test
0,91053.01087641716,57,4,0.6907996673501355,0.765699350894393,0.6071771261059541,0.6122896516310682,0.6510906609330149,0.4602482296822295
