,time_elapsed,epoch,fold,f1_train,auroc_train,auprc_train,f1_test,auroc_test,auprc_test
0,137341.72168278694,54,2,0.7551053997094952,0.8414296743713,0.7206449525960614,0.6144196215668327,0.644435869720701,0.45791381095943534
