,time_elapsed,epoch,fold,f1_train,auroc_train,auprc_train,f1_test,auroc_test,auprc_test
0,52261.914944171906,72,4,0.6689922456949682,0.7335532936222124,0.5625312080825228,0.6229225683886858,0.6620996282223888,0.4713544680725118
