,time_elapsed,epoch,fold,f1_train,auroc_train,auprc_train,f1_test,auroc_test,auprc_test
0,48190.25397205353,62,0,0.6938030482674863,0.7507156408162583,0.5848215774665835,0.6266377916613883,0.6503495423349954,0.461788010510427
