,time_elapsed,epoch,fold,f1_train,auroc_train,auprc_train,f1_test,auroc_test,auprc_test
0,167810.40509796143,55,2,0.7710542768619154,0.8441814953728453,0.7241102079007877,0.6248953118215854,0.6383289961393603,0.4498985884355009
