,time_elapsed,epoch,fold,f1_train,auroc_train,auprc_train,f1_test,auroc_test,auprc_test
0,94212.25072598457,71,2,0.6626587896544618,0.7354533512605848,0.5680656837924061,0.6119306195987733,0.6586345619997359,0.4715524719146076
