,time_elapsed,epoch,fold,f1_train,auroc_train,auprc_train,f1_test,auroc_test,auprc_test
0,97579.09659314156,59,2,0.7178252826809528,0.7959930724374897,0.6521009282883549,0.6140587279691146,0.6404781520567023,0.4510861753822227
