,time_elapsed,epoch,fold,f1_train,auroc_train,auprc_train,f1_test,auroc_test,auprc_test
0,45197.88422846794,64,0,0.665485663012297,0.7538477145798557,0.5914916144787807,0.6000994850533773,0.6487411844665841,0.45865678902044116
