,time_elapsed,epoch,fold,f1_train,auroc_train,auprc_train,f1_test,auroc_test,auprc_test
0,84178.11141896248,56,1,0.7055491600313252,0.7819658193770777,0.6309901629131117,0.6189350850766748,0.6534248195040901,0.463899641753717
