,time_elapsed,epoch,fold,f1_train,auroc_train,auprc_train,f1_test,auroc_test,auprc_test
0,79090.02826142311,59,1,0.6698309040794448,0.7284565109441409,0.5560105256620732,0.6261233416427485,0.666109021219371,0.4760462808400756
