,time_elapsed,epoch,fold,f1_train,auroc_train,auprc_train,f1_test,auroc_test,auprc_test
0,82893.95326161385,59,3,0.6998645591540306,0.7723223459775033,0.6174939416364355,0.6145808231056413,0.6437930649609216,0.4554198958754121
