,time_elapsed,epoch,fold,f1_train,auroc_train,auprc_train,f1_test,auroc_test,auprc_test
0,69889.8645465374,80,0,0.6723246977184075,0.7416133697412849,0.5725180417412403,0.622976278740474,0.6697977339569671,0.48146642299651526
