{"loss": 0.6348475813865662, "_timestamp": 1721573477.6975982, "_runtime": 217.03496432304382, "_step": 2, "epoch": 1, "test_f1": 0.570465614650302, "test_auroc": 0.6912521440823327, "test_auprc": 0.8279022367864775, "_wandb": {"runtime": 265}}