{"loss": 0.03798430413007736, "_timestamp": 1721393090.5271957, "_runtime": 82.24250769615173, "_step": 65, "epoch": 11, "test_f1": 0.7745678252143768, "test_auroc": 0.7634492437236863, "test_auprc": 0.8614786023825041, "_wandb": {"runtime": 82}}