{"loss": 0.004392939619719982, "_timestamp": 1721564418.3365626, "_runtime": 402.494886636734, "_step": 499, "epoch": 100, "test_f1": 0.7775398124898244, "test_auroc": 0.805395290815531, "test_auprc": 0.8971595835089298, "_wandb": {"runtime": 401}}