{"loss": 0.0002028461021836847, "_timestamp": 1721562688.0131643, "_runtime": 938.2532773017883, "_step": 1249, "epoch": 250, "test_f1": 0.7764444260205958, "test_auroc": 0.7942460626851707, "test_auprc": 0.8929499499938787, "_wandb": {"runtime": 937}}