{"loss": 7.185716822277755e-05, "_timestamp": 1721400147.019742, "_runtime": 580.8097810745239, "_step": 359, "epoch": 72, "test_f1": 0.7951265772766788, "test_auroc": 0.791751130516139, "test_auprc": 0.8852578448182091, "_wandb": {"runtime": 582}}