{"loss": 5.429645852927933e-07, "_timestamp": 1721395478.7901278, "_runtime": 1877.2510197162628, "_step": 1249, "epoch": 250, "test_f1": 0.7804043281007667, "test_auroc": 0.8172462186184314, "test_auprc": 0.9109340428479402, "_wandb": {"runtime": 1876}}