{"loss": 0.0005477991071529686, "_timestamp": 1721568821.50631, "_runtime": 3378.3822150230408, "_step": 449, "epoch": 150, "test_f1": 0.7813037457941666, "test_auroc": 0.837361609231249, "test_auprc": 0.9088233396807218, "_wandb": {"runtime": 3378}}