{"loss": 0.10895127803087234, "_timestamp": 1721573188.2254534, "_runtime": 4330.328397274017, "_step": 299, "epoch": 100, "test_f1": 0.7993732028389963, "test_auroc": 0.8411040074847965, "test_auprc": 0.9210777513861532, "_wandb": {"runtime": 4330}}