{"loss": 0.3541857600212097, "_timestamp": 1721393330.4935331, "_runtime": 77.6678831577301, "_step": 49, "epoch": 10, "test_f1": 0.8192324048822583, "test_auroc": 0.8384531420552005, "test_auprc": 0.9197096553871866, "_wandb": {"runtime": 77}}