{"loss": 0.4987432360649109, "_timestamp": 1721729032.1344552, "_runtime": 73.96002721786499, "_step": 10, "epoch": 1, "val_f1": 0.5779745262503883, "val_auroc": 0.7496847414880201, "val_auprc": 0.8359151478728617}