,time_elapsed,epoch,fold,f1_train,auroc_train,auprc_train,f1_test,auroc_test,auprc_test
0,613.0391988754272,418,0,0.8430205153399436,0.9315387681270503,0.9684698359628239,0.7371937993371881,0.8055964653902797,0.9085998952897589
0,729.7387635707855,,1,0.8618454988811063,0.9466535855535457,0.9764628942047264,0.7661184054361647,0.8213058419243987,0.9224205484274034
0,667.317284822464,455,2,0.8534858143172808,0.9415028972621639,0.9748049699605617,0.7367608586927249,0.7776141384388806,0.8920449715567115
0,731.0989398956299,,3,0.8435912512563157,0.9385843484680694,0.9728175231447904,0.7901923359271766,0.850532945736434,0.9339330568814599
0,736.6541767120361,,4,0.8625176845970922,0.9394064492454475,0.9747545976576426,0.8103538508923273,0.8772321428571427,0.9382425430719616
