,time_elapsed,epoch,fold,f1_train,auroc_train,auprc_train,f1_test,auroc_test,auprc_test
0,1145.4805781841278,,0,0.862158565349341,0.9459024435110525,0.9745263947857976,0.730071543320129,0.7999509081983309,0.9080134561908015
0,1081.3540461063385,,1,0.8565409253182991,0.946975503571757,0.9760305221527741,0.7691994463100789,0.8078055964653904,0.9039996464949757
0,1098.1867644786835,,2,0.8637537537537537,0.9412882852500231,0.9740750307585079,0.748656020238754,0.7623956799214532,0.8819087687635131
0,1124.4677348136902,,3,0.8599806872058181,0.9375076904146673,0.9713263110284145,0.7594266802546743,0.8294573643410853,0.9237079974400919
0,1114.942614555359,,4,0.8433204852206353,0.928321330825803,0.9696480080304111,0.8170893719806764,0.8772321428571429,0.9306993063294761
