,time_elapsed,epoch,fold,f1_train,auroc_train,auprc_train,f1_test,auroc_test,auprc_test
0,292.5815315246582,,0,0.849997381324835,0.9436336879541343,0.9738837451825507,0.7223183251151889,0.7999509081983309,0.9096803536388512
0,287.75700402259827,,1,0.8498909659474722,0.9432811110770457,0.974600192405851,0.7560320485424044,0.8105056455571918,0.915390114276948
0,276.7574715614319,480,2,0.852073174159355,0.945335254621823,0.9761350753633906,0.735514445586388,0.7493863524791361,0.8742402758712923
0,283.60479164123535,,3,0.8467913291442702,0.9348314261104959,0.9699113215473123,0.7473812159063956,0.8384205426356588,0.9308051113531075
0,283.04204392433167,,4,0.850386222256324,0.9360273993547696,0.97317151874623,0.8238239124113431,0.8782242063492064,0.9300424866645444
