,time_elapsed,epoch,fold,f1_train,auroc_train,auprc_train,f1_test,auroc_test,auprc_test
0,396.34896421432495,,0,0.8414358335075072,0.9302510960542049,0.968062676384649,0.7295632867761842,0.8011782032400588,0.9089731873005389
0,389.7125835418701,,1,0.8361547949783243,0.9262194561118435,0.9667451627765721,0.7626195746699344,0.8161512027491409,0.9207881631460867
0,391.9041094779968,,2,0.8449207602436057,0.9321212864457185,0.9710086190803942,0.7371937993371881,0.7685321551300933,0.8885377168881232
0,398.7409601211548,,3,0.8418966395331774,0.9255260243632337,0.9666802852902527,0.7968569383258559,0.8500484496124032,0.9326068139096886
0,399.8250117301941,,4,0.8434274418961529,0.9238414140024157,0.9679922250542767,0.8108796141220607,0.8764880952380952,0.9395196582050908
