{"loss": 0.0018331818282604218, "_timestamp": 1721563366.3778164, "_runtime": 379.98573637008667, "_step": 499, "epoch": 100, "test_f1": 0.772362863640754, "test_auroc": 0.8131139872134727, "test_auprc": 0.898632280250889, "_wandb": {"runtime": 379}}