{"loss": 4.7216406073857797e-07, "_timestamp": 1721392709.6341274, "_runtime": 1630.5510263442993, "_step": 1499, "epoch": 250, "test_f1": 0.802085024142043, "test_auroc": 0.8068766567908934, "test_auprc": 0.9083103595008561, "_wandb": {"runtime": 1629}}