{"loss": 0.9513478875160217, "_timestamp": 1721561688.8919632, "_runtime": 45.220306158065796, "_step": 49, "epoch": 10, "test_f1": 0.570465614650302, "test_auroc": 0.8283174801185094, "test_auprc": 0.9233942335358962, "_wandb": {"runtime": 44}}