{"loss": 0.007360312156379223, "_timestamp": 1721565376.2274384, "_runtime": 918.2552225589752, "_step": 499, "epoch": 100, "test_f1": 0.7705502318379542, "test_auroc": 0.8397006081397163, "test_auprc": 0.9165536494683313, "_wandb": {"runtime": 917}}