,time_elapsed,epoch,f1_train,auroc_train,auprc_train
0,19618.821002960205,,0.6217172234603451,0.6255341707561337,0.44565078753281656
