,time_elapsed,epoch,f1_train,auroc_train,auprc_train
0,33376.34946060181,,0.5774376829635058,0.6322121216083847,0.45223719259249534
