,time_elapsed,epoch,f1_train,auroc_train,auprc_train
0,18655.890313863754,,0.6221281236126546,0.630459103462556,0.4505939807571434
