,time_elapsed,epoch,f1_train,auroc_train,auprc_train
0,23137.062605381012,,0.6383038959402076,0.6506445424388422,0.4701954842325258
