,time_elapsed,epoch,f1_train,auroc_train,auprc_train
0,21153.384387016296,,0.6488441148062258,0.6827702092597978,0.4974087540404659
