,time_elapsed,epoch,f1_train,auroc_train,auprc_train
0,32438.0060403347,,0.6185369433995441,0.6840992488737903,0.4994071235397551
