,time_elapsed,epoch,f1_train,auroc_train,auprc_train
0,32539.653423786163,,0.5913250320434741,0.6510586598378932,0.4693344499556293
