,time_elapsed,epoch,f1_train,auroc_train,auprc_train
0,32780.92780637741,,0.6049202324474977,0.6633638256044915,0.47845165267844525
