,time_elapsed,epoch,f1_train,auroc_train,auprc_train
0,30961.926183223724,,0.5719437864184733,0.6389708786719656,0.4578295259618885
