,time_elapsed,epoch,f1_train,auroc_train,auprc_train
0,20157.852010965347,,0.6262209019884925,0.6400891476143329,0.46018589195732623
