,time_elapsed,epoch,f1_train,auroc_train,auprc_train
0,31122.189269781113,,0.5690442037587384,0.6263969319188434,0.4462545597886208
