,time_elapsed,epoch,f1_train,auroc_train,auprc_train
0,19458.18679523468,,0.6390733366422731,0.6618084495968314,0.47760061573549845
