{"loss": 0.47745153307914734, "_timestamp": 1721390960.7399645, "_runtime": 105.10722851753235, "_step": 49, "epoch": 8, "test_f1": 0.7407734878999248, "test_auroc": 0.8251988149072198, "test_auprc": 0.9167285292365404, "_wandb": {"runtime": 105}}