{"loss": 0.5111600160598755, "_timestamp": 1721561603.9459388, "_runtime": 46.378466844558716, "_step": 49, "epoch": 10, "test_f1": 0.583687370222674, "test_auroc": 0.8245750818649618, "test_auprc": 0.9222564179731925, "_wandb": {"runtime": 45}}