,time_elapsed,random_seed,f1_train,auroc_train,auprc_train,f1_test,auroc_test,auprc_test
0,15978.924447774887,42,1.0,1.0,1.0,0.8605470278732009,0.8574074074074074,0.9186723462350591
