,time_elapsed,random_seed,f1_train,auroc_train,auprc_train,f1_test,auroc_test,auprc_test
0,13999.293007612228,100,1.0,1.0,1.0,0.751486325802616,0.8395061728395061,0.9330701097630353
