,time_elapsed,random_seed,f1_train,auroc_train,auprc_train,f1_test,auroc_test,auprc_test
0,14028.12473320961,526,1.0,1.0,1.0,0.7980504637947403,0.8827238335435057,0.9407466804261431
