,time_elapsed,random_seed,f1_train,auroc_train,auprc_train,f1_test,auroc_test,auprc_test
0,10127.776517152786,999,1.0,1.0,1.0,0.7740784780023782,0.7895061728395062,0.8818557655908309
