,time_elapsed,random_seed,f1_train,auroc_train,auprc_train,f1_test,auroc_test,auprc_test
0,137619.51314401627,42,1.0,1.0,1.0,0.8089764641488779,0.8271604938271605,0.9004929758592018
