,time_elapsed,random_seed,f1_train,auroc_train,auprc_train,f1_test,auroc_test,auprc_test
0,11925.32274389267,5,1.0,1.0,1.0,0.8009608257095941,0.8335435056746532,0.9267875688654504
